{"cameraMode":{"drawMode":2,"name":"Shaded Wireframe","section":"Shading Mode"},"sceneLighting":false,"audioPlay":false,"sceneViewState":{"m_AlwaysRefresh":false,"showFog":true,"showSkybox":false,"showFlares":true,"showImageEffects":true,"showParticleSystems":true,"showVisualEffectGraphs":true,"m_FxEnabled":true},"in2DMode":false,"pivot":{"x":0.4452649652957916,"y":0.5533525347709656,"z":-0.009626388549804688},"rotation":{"x":0.014170076698064804,"y":0.982643187046051,"z":-0.08737906813621521,"w":0.1643677055835724},"size":0.9912991523742676,"orthographic":false}