{"cameraMode":{"drawMode":2,"name":"Shaded Wireframe","section":"Shading Mode"},"sceneLighting":false,"audioPlay":false,"sceneViewState":{"m_AlwaysRefresh":false,"showFog":true,"showSkybox":false,"showFlares":true,"showImageEffects":true,"showParticleSystems":true,"showVisualEffectGraphs":true,"m_FxEnabled":true},"in2DMode":false,"pivot":{"x":0.4452649652957916,"y":0.5533525347709656,"z":-0.009626388549804688},"rotation":{"x":0.009941923432052136,"y":0.9897208213806152,"z":-0.08645690977573395,"w":0.11554177105426789},"size":2.1912989616394045,"orthographic":false}