{"cameraMode":{"drawMode":2,"name":"Shaded Wireframe","section":"Shading Mode"},"sceneLighting":false,"audioPlay":false,"sceneViewState":{"m_AlwaysRefresh":false,"showFog":true,"showSkybox":false,"showFlares":true,"showImageEffects":true,"showParticleSystems":true,"showVisualEffectGraphs":true,"m_FxEnabled":true},"in2DMode":false,"pivot":{"x":0.12135159969329834,"y":0.5478956699371338,"z":-0.10585835576057434},"rotation":{"x":0.020195281133055688,"y":0.974130392074585,"z":-0.20321419835090638,"w":0.09900972992181778},"size":0.9912991523742676,"orthographic":false}