{"cameraMode":{"drawMode":2,"name":"Shaded Wireframe","section":"Shading Mode"},"sceneLighting":false,"audioPlay":false,"sceneViewState":{"m_AlwaysRefresh":false,"showFog":true,"showSkybox":false,"showFlares":true,"showImageEffects":true,"showParticleSystems":true,"showVisualEffectGraphs":true,"m_FxEnabled":true},"in2DMode":false,"pivot":{"x":0.9667355418205261,"y":0.3536202907562256,"z":0.03086744248867035},"rotation":{"x":0.019506603479385377,"y":0.9705055952072144,"z":-0.22682256996631623,"w":0.08231719583272934},"size":6.610411167144775,"orthographic":false}