{"cameraMode":{"drawMode":2,"name":"Shaded Wireframe","section":"Shading Mode"},"sceneLighting":false,"audioPlay":false,"sceneViewState":{"m_AlwaysRefresh":false,"showFog":false,"showSkybox":false,"showFlares":false,"showImageEffects":false,"showParticleSystems":false,"showVisualEffectGraphs":true,"m_FxEnabled":true},"in2DMode":false,"pivot":{"x":-0.0004380941390991211,"y":0.8642925024032593,"z":0.07685691118240357},"rotation":{"x":0.008260233327746392,"y":0.9911171197891235,"z":-0.12556232511997224,"w":0.04971868917346001},"size":1.4037976264953614,"orthographic":false}