{"cameraMode":{"drawMode":0,"name":"Shaded","section":"Shading Mode"},"sceneLighting":true,"audioPlay":false,"sceneViewState":{"m_AlwaysRefresh":false,"showFog":true,"showSkybox":true,"showFlares":true,"showImageEffects":true,"showParticleSystems":true,"showVisualEffectGraphs":true,"m_FxEnabled":true},"in2DMode":false,"pivot":{"x":-0.25599026679992678,"y":1.5378847122192383,"z":-3.2661099433898927},"rotation":{"x":-0.09556453675031662,"y":-0.7067992091178894,"z":0.09730782359838486,"w":-0.694178581237793},"size":7.512019634246826,"orthographic":false}