{"cameraMode":{"drawMode":0,"name":"Shaded","section":"Shading Mode"},"sceneLighting":true,"audioPlay":false,"sceneViewState":{"m_AlwaysRefresh":false,"showFog":true,"showSkybox":true,"showFlares":true,"showImageEffects":true,"showParticleSystems":true,"showVisualEffectGraphs":true,"m_FxEnabled":false},"in2DMode":false,"pivot":{"x":3.348315715789795,"y":3.4248247146606447,"z":9.995104789733887},"rotation":{"x":-0.015263195149600506,"y":-0.9689499139785767,"z":0.23897907137870789,"w":-0.06200014799833298},"size":1.6685118675231934,"orthographic":false}