{"cameraMode":{"drawMode":2,"name":"Shaded Wireframe","section":"Shading Mode"},"sceneLighting":true,"audioPlay":false,"sceneViewState":{"m_AlwaysRefresh":false,"showFog":true,"showSkybox":true,"showFlares":true,"showImageEffects":true,"showParticleSystems":true,"showVisualEffectGraphs":true,"m_FxEnabled":true},"in2DMode":false,"pivot":{"x":0.9412347078323364,"y":-0.48746538162231448,"z":13.839380264282227},"rotation":{"x":-0.021787390112876893,"y":-0.9763789176940918,"z":0.17934253811836244,"w":-0.12048684805631638},"size":12.932455062866211,"orthographic":false}