{"cameraMode":{"drawMode":2,"name":"Shaded Wireframe","section":"Shading Mode"},"sceneLighting":true,"audioPlay":false,"sceneViewState":{"m_AlwaysRefresh":false,"showFog":true,"showSkybox":true,"showFlares":true,"showImageEffects":true,"showParticleSystems":true,"showVisualEffectGraphs":true,"m_FxEnabled":true},"in2DMode":false,"pivot":{"x":3.0002002716064455,"y":0.284210205078125,"z":3.4704275131225588},"rotation":{"x":0.15742644667625428,"y":-0.24499352276325227,"z":0.042053356766700748,"w":0.9560770988464356},"size":1.5183364152908326,"orthographic":false}