{"cameraMode":{"drawMode":2,"name":"Shaded Wireframe","section":"Shading Mode"},"sceneLighting":true,"audioPlay":false,"sceneViewState":{"m_AlwaysRefresh":false,"showFog":true,"showSkybox":true,"showFlares":true,"showImageEffects":true,"showParticleSystems":true,"showVisualEffectGraphs":true,"m_FxEnabled":true},"in2DMode":false,"pivot":{"x":11.809099197387696,"y":0.0007302761077880859,"z":15.961881637573243},"rotation":{"x":0.15552932024002076,"y":0.8447477221488953,"z":-0.3501858413219452,"w":0.37433141469955447},"size":1.7660281658172608,"orthographic":false}