{"cameraMode":{"drawMode":0,"name":"Shaded","section":"Shading Mode"},"sceneLighting":false,"audioPlay":false,"sceneViewState":{"m_AlwaysRefresh":false,"showFog":true,"showSkybox":false,"showFlares":true,"showImageEffects":true,"showParticleSystems":true,"showVisualEffectGraphs":true,"m_FxEnabled":true},"in2DMode":false,"pivot":{"x":-0.24514493346214295,"y":0.2707142233848572,"z":-6.925264358520508},"rotation":{"x":0.3893588185310364,"y":-0.09813210368156433,"z":0.04160863906145096,"w":0.9149842858314514},"size":1.6912882328033448,"orthographic":false}