{"cameraMode":{"drawMode":2,"name":"Shaded Wireframe","section":"Shading Mode"},"sceneLighting":false,"audioPlay":false,"sceneViewState":{"m_AlwaysRefresh":false,"showFog":true,"showSkybox":false,"showFlares":true,"showImageEffects":true,"showParticleSystems":true,"showVisualEffectGraphs":true,"m_FxEnabled":true},"in2DMode":false,"pivot":{"x":-0.0004380941390991211,"y":0.8642925024032593,"z":0.07685691118240357},"rotation":{"x":0.051514770835638049,"y":0.9387864470481873,"z":-0.30571505427360537,"w":0.15225109457969666},"size":1.4037976264953614,"orthographic":false}